[
    {
        "id":"1",
        "description":"New BS6 Electric engine motor car.",
        "imageUrl":"https://www.sdf.xyz",
        "targeting": {
            "location": {
            "lat": 28,
            "long": 39,
            "radius": 70
            },
            "operatingSystems": [ "windows"],
            "browsers": ["chrome"],
            "tags": ["A","B","C"]
            }
    },
    {
        "id":"2",
        "description":"New BS6 Electric engine motor car.",
        "imageUrl":"https://www.sdf.xyz",
        "targeting": {
            "location": {
            "lat": -15,
            "long": -17,
            "radius": 50
            },
            "operatingSystems": [ "windows", "macos" ],
            "browsers": ["chrome"],
            "tags": ["A","B","C","D"]
            }
    },
    {
        "id":"3",
        "description":"New BS6 Electric engine motor car.",
        "imageUrl":"https://www.sdf.xyz",
        "targeting": {
            "location": {
            "lat": 128.03,
            "long": 139.65,
            "radius": 35.60
            },
            "operatingSystems": [ "windows","linux","android","macos" ],
            "browsers": ["chrome","firefox","edge", "explorer", "opera","safari"],
            "tags": ["A","B","C","D","E","F"]
            }
    }
    
]